,Country,Happiness Rank,Happiness Score,Family,Freedom,Generosity,GDP,LE,Trust,Year
0,Switzerland,1.0,7.587,1.34951,0.66557,0.29678,1.39651,0.94143,0.41978,2015
1,Iceland,2.0,7.561,1.40223,0.62877,0.4363,1.30232,0.94784,0.14145,2015
2,Denmark,3.0,7.527,1.36058,0.64938,0.34139,1.32548,0.87464,0.48357,2015
3,Norway,4.0,7.522,1.33095,0.66973,0.34699,1.459,0.88521,0.36503,2015
4,Canada,5.0,7.427,1.32261,0.63297,0.45811,1.32629,0.90563,0.32957,2015
5,Finland,6.0,7.406,1.31826,0.64169,0.23351,1.29025,0.88911,0.41372,2015
6,Netherlands,7.0,7.378,1.28017,0.61576,0.4761,1.32944,0.89284,0.31814,2015
7,Sweden,8.0,7.364,1.28907,0.6598,0.36262,1.33171,0.91087,0.43844,2015
8,New Zealand,9.0,7.286,1.31967,0.63938,0.47501,1.25018,0.90837,0.42922,2015
9,Australia,10.0,7.284,1.30923,0.65124,0.43562,1.33358,0.93156,0.35637,2015
10,Israel,11.0,7.278,1.22393,0.41319,0.33172,1.22857,0.91387,0.07785,2015
11,Costa Rica,12.0,7.226,1.23788,0.63376,0.25497,0.95578,0.86027,0.10583,2015
12,Austria,13.0,7.2,1.29704,0.62433,0.33088,1.33723,0.89042,0.18676,2015
13,Mexico,14.0,7.187,0.91451,0.48181,0.14074,1.02054,0.81444,0.21312,2015
14,United States,15.0,7.119,1.24711,0.54604,0.40105,1.39451,0.86179,0.1589,2015
15,Brazil,16.0,6.983,1.23287,0.49049,0.14574,0.98124,0.69702,0.17521,2015
16,Luxembourg,17.0,6.946,1.21963,0.61583,0.28034,1.56391,0.91894,0.37798,2015
17,Ireland,18.0,6.94,1.36948,0.61777,0.45901,1.33596,0.89533,0.28703,2015
18,Belgium,19.0,6.937,1.28566,0.5845,0.2225,1.30782,0.89667,0.2254,2015
19,United Arab Emirates,20.0,6.901,1.12575,0.64157,0.26428,1.42727,0.80925,0.38583,2015
20,United Kingdom,21.0,6.867,1.28548,0.59625,0.51912,1.26637,0.90943,0.32067,2015
21,Oman,22.0,6.853,1.08182,0.63274,0.21542,1.36011,0.76276,0.32524,2015
22,Venezuela,23.0,6.81,1.25596,0.42908,0.05841,1.04424,0.72052,0.11069,2015
23,Singapore,24.0,6.798,1.02,0.54252,0.31105,1.52186,1.02525,0.4921,2015
24,Panama,25.0,6.786,1.1985,0.5421,0.24434,1.06353,0.79661,0.0927,2015
25,Germany,26.0,6.75,1.29937,0.61477,0.28214,1.32792,0.89186,0.21843,2015
26,Chile,27.0,6.67,1.12447,0.44132,0.33363,1.10715,0.85857,0.12869,2015
27,Qatar,28.0,6.611,1.0786,0.6404,0.32573,1.69042,0.79733,0.52208,2015
28,France,29.0,6.575,1.26038,0.55011,0.12332,1.27778,0.94579,0.20646,2015
29,Argentina,30.0,6.574,1.24823,0.44974,0.11451,1.05351,0.78723,0.08484,2015
30,Czech Republic,31.0,6.505,1.20643,0.46364,0.10686,1.17898,0.84483,0.02652,2015
31,Uruguay,32.0,6.485,1.2089,0.60362,0.2324,1.06166,0.8116,0.24558,2015
32,Colombia,33.0,6.477,1.24018,0.53466,0.18401,0.91861,0.69077,0.0512,2015
33,Thailand,34.0,6.455,1.26504,0.55664,0.5763,0.9669,0.7385,0.03187,2015
34,Saudi Arabia,35.0,6.411,1.08393,0.31048,0.13706,1.39541,0.72025,0.32524,2015
35,Spain,36.0,6.329,1.31379,0.45951,0.18227,1.23011,0.95562,0.06398,2015
36,Malta,37.0,6.302,1.30203,0.60365,0.51752,1.2074,0.88721,0.13586,2015
37,Taiwan,38.0,6.298,1.07617,0.3974,0.25376,1.29098,0.8753,0.08129,2015
38,Kuwait,39.0,6.295,1.16594,0.55499,0.16228,1.55422,0.72492,0.25609,2015
39,Suriname,40.0,6.269,0.972,0.59657,0.16991,0.99534,0.6082,0.13633,2015
40,Trinidad and Tobago,41.0,6.168,1.18354,0.55884,0.31844,1.21183,0.61483,0.0114,2015
41,El Salvador,42.0,6.13,1.02507,0.4035,0.10692,0.76454,0.67737,0.11776,2015
42,Guatemala,43.0,6.123,1.04356,0.57733,0.27489,0.74553,0.64425,0.09472,2015
43,Uzbekistan,44.0,6.003,1.34043,0.65821,0.22837,0.63244,0.59772,0.30826,2015
44,Slovakia,45.0,5.995,1.26999,0.31751,0.16893,1.16891,0.78902,0.03431,2015
45,Japan,46.0,5.987,1.25712,0.49615,0.10705,1.27074,0.99111,0.1806,2015
46,South Korea,47.0,5.984,0.95774,0.33208,0.18557,1.24461,0.96538,0.07857,2015
47,Ecuador,48.0,5.975,0.99903,0.48574,0.11541,0.86402,0.79075,0.1809,2015
48,Bahrain,49.0,5.96,1.21624,0.45492,0.17362,1.32376,0.74716,0.306,2015
49,Italy,50.0,5.948,1.19777,0.26236,0.22823,1.25114,0.95446,0.02901,2015
50,Bolivia,51.0,5.89,0.97841,0.57414,0.20536,0.68133,0.5392,0.088,2015
51,Moldova,52.0,5.889,1.01528,0.32818,0.20951,0.59448,0.61826,0.01615,2015
52,Paraguay,53.0,5.878,1.30477,0.53899,0.3424,0.75985,0.66098,0.08242,2015
53,Kazakhstan,54.0,5.855,1.12241,0.51649,0.11827,1.12254,0.64368,0.08454,2015
54,Slovenia,55.0,5.848,1.27385,0.60855,0.25328,1.18498,0.87337,0.03787,2015
55,Lithuania,56.0,5.833,1.25745,0.21342,0.02641,1.14723,0.73128,0.01031,2015
56,Nicaragua,57.0,5.828,1.14184,0.55475,0.27815,0.59325,0.74314,0.19317,2015
57,Peru,58.0,5.824,0.97459,0.41496,0.14982,0.90019,0.73017,0.05989,2015
58,Belarus,59.0,5.813,1.23289,0.37938,0.11046,1.03192,0.73608,0.1909,2015
59,Poland,60.0,5.791,1.27948,0.53122,0.16759,1.12555,0.77903,0.04212,2015
60,Malaysia,61.0,5.77,1.07023,0.53024,0.33075,1.12486,0.72394,0.10501,2015
61,Croatia,62.0,5.759,0.79624,0.25883,0.05444,1.08254,0.78805,0.0243,2015
62,Libya,63.0,5.754,1.11862,0.41668,0.18295,1.13145,0.7038,0.11023,2015
63,Russia,64.0,5.716,1.23617,0.36679,0.00199,1.13764,0.66926,0.03005,2015
64,Jamaica,65.0,5.709,1.15102,0.50442,0.2123,0.81038,0.68741,0.02299,2015
65,North Cyprus,66.0,5.695,1.07008,0.49027,0.26169,1.20806,0.92356,0.1428,2015
66,Cyprus,67.0,5.689,0.89318,0.40672,0.30638,1.20813,0.92356,0.06146,2015
67,Algeria,68.0,5.605,1.07772,0.28579,0.07822,0.93929,0.61766,0.17383,2015
68,Kosovo,69.0,5.589,0.81198,0.24749,0.2831,0.80148,0.63132,0.04741,2015
69,Turkmenistan,70.0,5.548,1.22668,0.4761,0.16979,0.95847,0.53886,0.30844,2015
70,Mauritius,71.0,5.477,0.98521,0.56066,0.37744,1.00761,0.7095,0.07521,2015
71,Hong Kong,72.0,5.474,1.05818,0.59608,0.39478,1.38604,1.01328,0.37124,2015
72,Estonia,73.0,5.429,1.22791,0.44888,0.0868,1.15174,0.77361,0.15184,2015
73,Indonesia,74.0,5.399,1.08708,0.46611,0.51535,0.82827,0.63793,0.0,2015
74,Vietnam,75.0,5.36,0.91226,0.59444,0.1686,0.63216,0.74676,0.10441,2015
75,Turkey,76.0,5.332,0.94632,0.22815,0.12253,1.06098,0.73172,0.15746,2015
76,Kyrgyzstan,77.0,5.286,1.15115,0.43477,0.3003,0.47428,0.65088,0.04232,2015
77,Nigeria,78.0,5.268,0.90432,0.34334,0.27233,0.65435,0.16007,0.0403,2015
78,Bhutan,79.0,5.253,1.10395,0.53206,0.47998,0.77042,0.57407,0.15445,2015
79,Azerbaijan,80.0,5.212,0.93793,0.3703,0.07799,1.02389,0.64045,0.16065,2015
80,Pakistan,81.0,5.194,0.41411,0.12102,0.33671,0.59543,0.51466,0.10464,2015
81,Jordan,82.0,5.192,1.05392,0.40661,0.11053,0.90198,0.69639,0.14293,2015
82,Montenegro,82.0,5.192,0.90557,0.1826,0.1614,0.97438,0.72521,0.14296,2015
83,China,84.0,5.14,0.94675,0.51697,0.08185,0.89012,0.81658,0.02781,2015
84,Zambia,85.0,5.129,0.91612,0.48827,0.19591,0.47038,0.29924,0.12468,2015
85,Romania,86.0,5.124,0.88588,0.35068,0.13748,1.04345,0.7689,0.00649,2015
86,Serbia,87.0,5.123,1.00964,0.20107,0.19231,0.92053,0.74836,0.02617,2015
87,Portugal,88.0,5.102,1.13935,0.51469,0.13719,1.15991,0.87519,0.01078,2015
88,Latvia,89.0,5.098,1.09562,0.29671,0.18226,1.11312,0.72437,0.06332,2015
89,Philippines,90.0,5.073,1.03516,0.62545,0.24991,0.70532,0.58114,0.12279,2015
90,Somaliland region,91.0,5.057,0.95152,0.46582,0.50318,0.18847,0.43873,0.39928,2015
91,Morocco,92.0,5.013,0.64095,0.41691,0.07172,0.73479,0.60954,0.08546,2015
92,Macedonia,93.0,5.007,1.00232,0.33457,0.22359,0.91851,0.73545,0.05327,2015
93,Mozambique,94.0,4.971,1.02626,0.34037,0.22269,0.08308,0.09131,0.15603,2015
94,Albania,95.0,4.959,0.80434,0.35733,0.14272,0.87867,0.81325,0.06413,2015
95,Bosnia and Herzegovina,96.0,4.949,0.91916,0.09245,0.24808,0.83223,0.79081,0.00227,2015
96,Lesotho,97.0,4.898,1.04103,0.31767,0.16388,0.37545,0.07612,0.12504,2015
97,Dominican Republic,98.0,4.885,1.17202,0.57672,0.21684,0.89537,0.66825,0.14234,2015
98,Laos,99.0,4.876,0.73803,0.59591,0.42192,0.59066,0.54909,0.24249,2015
99,Mongolia,100.0,4.874,1.3006,0.43626,0.3323,0.82819,0.60268,0.02666,2015
100,Swaziland,101.0,4.867,1.07284,0.30658,0.18259,0.71206,0.07566,0.0306,2015
101,Greece,102.0,4.857,0.92933,0.07699,0.0,1.15406,0.88213,0.01397,2015
102,Lebanon,103.0,4.839,0.80001,0.33916,0.21854,1.02564,0.83947,0.04582,2015
103,Hungary,104.0,4.8,1.20215,0.32112,0.128,1.12094,0.75905,0.02758,2015
104,Honduras,105.0,4.788,0.95348,0.40148,0.23027,0.59532,0.6951,0.06825,2015
105,Tajikistan,106.0,4.786,0.85563,0.47216,0.22974,0.39047,0.57379,0.15072,2015
106,Tunisia,107.0,4.739,0.60429,0.26268,0.06431,0.88113,0.73793,0.06358,2015
107,Palestinian Territories,108.0,4.715,0.92558,0.24499,0.11251,0.59867,0.66015,0.12905,2015
108,Bangladesh,109.0,4.694,0.43106,0.4082,0.21222,0.39753,0.60164,0.12569,2015
109,Iran,110.0,4.686,0.54447,0.30033,0.38086,1.0088,0.69805,0.05863,2015
110,Ukraine,111.0,4.681,1.20278,0.25123,0.15275,0.79907,0.6739,0.02961,2015
111,Iraq,112.0,4.677,0.81889,0.0,0.17922,0.98549,0.60237,0.13788,2015
112,South Africa,113.0,4.642,1.18468,0.33207,0.11973,0.92049,0.27688,0.08884,2015
113,Ghana,114.0,4.633,0.67954,0.42342,0.23087,0.54558,0.40132,0.04355,2015
114,Zimbabwe,115.0,4.61,1.03276,0.25861,0.18987,0.271,0.33475,0.08079,2015
115,Liberia,116.0,4.571,0.78968,0.28531,0.24362,0.0712,0.34201,0.06232,2015
116,India,117.0,4.565,0.38174,0.39786,0.26475,0.64499,0.51529,0.08492,2015
117,Sudan,118.0,4.55,1.01404,0.10081,0.19062,0.52107,0.36878,0.1466,2015
118,Haiti,119.0,4.518,0.74302,0.24425,0.46187,0.26673,0.38847,0.17175,2015
119,Congo (Kinshasa),120.0,4.517,1.0012,0.22605,0.24834,0.0,0.09806,0.07625,2015
120,Nepal,121.0,4.514,0.86449,0.38282,0.32296,0.35997,0.56874,0.05907,2015
121,Ethiopia,122.0,4.512,0.60406,0.4345,0.24325,0.19073,0.44055,0.15048,2015
122,Sierra Leone,123.0,4.507,0.95571,0.4084,0.21488,0.33024,0.0,0.08786,2015
123,Mauritania,124.0,4.436,0.86908,0.24232,0.219,0.45407,0.35874,0.17461,2015
124,Kenya,125.0,4.419,0.99876,0.42215,0.37542,0.36471,0.41435,0.05839,2015
125,Djibouti,126.0,4.369,0.59207,0.46074,0.18093,0.44025,0.36291,0.28105,2015
126,Armenia,127.0,4.35,0.77711,0.19847,0.07855,0.76821,0.7299,0.039,2015
127,Botswana,128.0,4.332,1.10464,0.49495,0.10461,0.99355,0.04776,0.12474,2015
128,Myanmar,129.0,4.307,0.70905,0.44017,0.79588,0.27108,0.48246,0.19034,2015
129,Georgia,130.0,4.297,0.38562,0.40577,0.05547,0.7419,0.72926,0.38331,2015
130,Malawi,131.0,4.292,0.41134,0.43054,0.33128,0.01604,0.22562,0.06977,2015
131,Sri Lanka,132.0,4.271,1.01905,0.53726,0.40828,0.83524,0.70806,0.09179,2015
132,Cameroon,133.0,4.252,0.88767,0.49309,0.20618,0.4225,0.23402,0.05786,2015
133,Bulgaria,134.0,4.218,1.10614,0.30587,0.11921,1.01216,0.76649,0.00872,2015
134,Egypt,135.0,4.194,0.747,0.17288,0.11291,0.8818,0.61712,0.06324,2015
135,Yemen,136.0,4.077,0.68093,0.35571,0.09131,0.54649,0.40064,0.07854,2015
136,Angola,137.0,4.033,0.8604,0.10384,0.12344,0.75778,0.16683,0.07122,2015
137,Mali,138.0,3.995,1.03526,0.38857,0.18798,0.26074,0.20583,0.12352,2015
138,Congo (Brazzaville),139.0,3.989,0.6629,0.41466,0.12388,0.67866,0.31051,0.11686,2015
139,Comoros,140.0,3.956,0.79273,0.22917,0.17441,0.23906,0.36315,0.199,2015
140,Uganda,141.0,3.931,1.13299,0.45727,0.29066,0.21102,0.33861,0.07267,2015
141,Senegal,142.0,3.904,0.97619,0.36772,0.20843,0.36498,0.4354,0.10713,2015
142,Gabon,143.0,3.896,0.90528,0.31914,0.06822,1.06024,0.43372,0.11091,2015
143,Niger,144.0,3.845,0.77265,0.47692,0.19387,0.0694,0.29707,0.15639,2015
144,Cambodia,145.0,3.819,0.62736,0.66246,0.40359,0.46038,0.61114,0.07247,2015
145,Tanzania,146.0,3.781,1.00268,0.32878,0.34377,0.2852,0.38215,0.05747,2015
146,Madagascar,147.0,3.681,0.66801,0.19184,0.21333,0.20824,0.46721,0.08124,2015
147,Central African Republic,148.0,3.678,0.0,0.48879,0.23835,0.0785,0.06699,0.08289,2015
148,Chad,149.0,3.667,0.76062,0.23501,0.18386,0.34193,0.1501,0.05269,2015
149,Guinea,150.0,3.656,0.46475,0.37725,0.28657,0.17417,0.24009,0.12139,2015
150,Ivory Coast,151.0,3.655,0.77115,0.46866,0.20165,0.46534,0.15185,0.17922,2015
151,Burkina Faso,152.0,3.587,0.85188,0.39493,0.21747,0.25812,0.27125,0.12832,2015
152,Afghanistan,153.0,3.575,0.30285,0.23414,0.3651,0.31982,0.30335,0.09719,2015
153,Rwanda,154.0,3.465,0.7737,0.59201,0.22628,0.22208,0.42864,0.55191,2015
154,Benin,155.0,3.34,0.35386,0.4845,0.1826,0.28665,0.3191,0.0801,2015
155,Syria,156.0,3.006,0.47489,0.15684,0.47179,0.6632,0.72193,0.18906,2015
156,Burundi,157.0,2.905,0.41587,0.1185,0.19727,0.0153,0.22396,0.10062,2015
157,Togo,158.0,2.839,0.13995,0.36453,0.16681,0.20868,0.28443,0.10731,2015
0,Denmark,1.0,7.526,1.16374,0.57941,0.36171,1.44178,0.79504,0.44453,2016
1,Switzerland,2.0,7.509,1.14524,0.58557,0.28083,1.52733,0.86303,0.41203,2016
2,Iceland,3.0,7.501,1.18326,0.56624,0.47678,1.42666,0.86733,0.14975,2016
3,Norway,4.0,7.498,1.1269,0.59609,0.37895,1.57744,0.79579,0.35776,2016
4,Finland,5.0,7.413,1.13464,0.57104,0.25492,1.40598,0.81091,0.41004,2016
5,Canada,6.0,7.404,1.0961,0.5737,0.44834,1.44015,0.8276,0.31329,2016
6,Netherlands,7.0,7.339,1.02912,0.55211,0.47416,1.46468,0.81231,0.29927,2016
7,New Zealand,8.0,7.334,1.17278,0.58147,0.49401,1.36066,0.83096,0.41904,2016
8,Australia,9.0,7.313,1.10476,0.56837,0.47407,1.44443,0.8512,0.32331,2016
9,Sweden,10.0,7.291,1.08764,0.58218,0.38254,1.45181,0.83121,0.40867,2016
10,Israel,11.0,7.267,0.99537,0.36432,0.32288,1.33766,0.84917,0.08728,2016
11,Austria,12.0,7.119,1.08383,0.54355,0.32865,1.45038,0.80565,0.21348,2016
12,United States,13.0,7.104,1.04782,0.48163,0.41077,1.50796,0.779,0.14868,2016
13,Costa Rica,14.0,7.087,1.02152,0.55225,0.22553,1.06879,0.76146,0.10547,2016
14,Puerto Rico,15.0,7.039,1.08113,0.46823,0.22202,1.35943,0.77758,0.12275,2016
15,Germany,16.0,6.994,1.09774,0.53466,0.30452,1.44787,0.81487,0.28551,2016
16,Brazil,17.0,6.952,1.03938,0.40425,0.15776,1.08754,0.61415,0.14166,2016
17,Belgium,18.0,6.929,1.05249,0.51354,0.2424,1.42539,0.81959,0.26248,2016
18,Ireland,19.0,6.907,1.16157,0.54008,0.44963,1.48341,0.81455,0.29754,2016
19,Luxembourg,20.0,6.871,1.03999,0.5487,0.27571,1.69752,0.84542,0.35329,2016
20,Mexico,21.0,6.778,0.7146,0.37709,0.11735,1.11508,0.71143,0.18355,2016
21,Singapore,22.0,6.739,0.86758,0.4877,0.32706,1.64555,0.94719,0.46987,2016
22,United Kingdom,23.0,6.725,1.08672,0.50036,0.50156,1.40283,0.80991,0.27399,2016
23,Chile,24.0,6.705,0.90587,0.37789,0.31595,1.2167,0.81883,0.11451,2016
24,Panama,25.0,6.701,0.98912,0.48927,0.2418,1.18306,0.70835,0.08423,2016
25,Argentina,26.0,6.65,1.06612,0.42284,0.10989,1.15137,0.69711,0.07296,2016
26,Czech Republic,27.0,6.596,1.00793,0.41418,0.09929,1.30915,0.76376,0.03986,2016
27,United Arab Emirates,28.0,6.573,0.87114,0.56215,0.26591,1.57352,0.72993,0.35561,2016
28,Uruguay,29.0,6.545,1.03143,0.54388,0.18056,1.18157,0.72183,0.21394,2016
29,Malta,30.0,6.488,1.09879,0.54994,0.56237,1.30782,0.80315,0.17554,2016
30,Colombia,31.0,6.481,1.02169,0.44735,0.15626,1.03032,0.59659,0.05399,2016
31,France,32.0,6.478,1.00508,0.46562,0.1216,1.39488,0.83795,0.17808,2016
32,Thailand,33.0,6.474,1.04477,0.49553,0.58696,1.0893,0.64915,0.02833,2016
33,Saudi Arabia,34.0,6.379,0.84829,0.37904,0.15457,1.48953,0.59267,0.30008,2016
34,Taiwan,34.0,6.379,0.92624,0.32377,0.25495,1.39729,0.79565,0.0663,2016
35,Qatar,36.0,6.375,0.87964,0.56679,0.32388,1.82427,0.71723,0.48049,2016
36,Spain,37.0,6.361,1.12945,0.37545,0.17665,1.34253,0.87896,0.06137,2016
37,Algeria,38.0,6.355,0.83309,0.21006,0.07044,1.05266,0.61804,0.16157,2016
38,Guatemala,39.0,6.324,0.87119,0.50379,0.28808,0.83454,0.54039,0.08701,2016
39,Suriname,40.0,6.269,0.77866,0.52234,0.16665,1.09686,0.50933,0.12692,2016
40,Kuwait,41.0,6.239,0.87758,0.43166,0.15965,1.61714,0.63569,0.23669,2016
41,Bahrain,42.0,6.218,0.94397,0.47375,0.17147,1.44024,0.65696,0.25772,2016
42,Trinidad and Tobago,43.0,6.168,0.98569,0.48453,0.31935,1.32572,0.52608,0.01241,2016
43,Venezuela,44.0,6.084,1.03302,0.19847,0.0425,1.13367,0.61904,0.08304,2016
44,Slovakia,45.0,6.078,1.08268,0.23391,0.13837,1.27973,0.70367,0.02947,2016
45,El Salvador,46.0,6.068,0.80975,0.37269,0.08877,0.8737,0.596,0.10613,2016
46,Malaysia,47.0,6.005,0.88025,0.39031,0.41474,1.25142,0.62366,0.09081,2016
47,Nicaragua,48.0,5.992,0.89521,0.46582,0.29773,0.69384,0.65213,0.16292,2016
48,Uzbekistan,49.0,5.987,1.1681,0.60848,0.34326,0.73591,0.50163,0.28333,2016
49,Italy,50.0,5.977,1.04167,0.18827,0.16684,1.35495,0.85102,0.02556,2016
50,Ecuador,51.0,5.976,0.85974,0.4027,0.10074,0.97306,0.68613,0.18037,2016
51,Belize,52.0,5.956,0.68655,0.51231,0.23684,0.87616,0.45569,0.10771,2016
52,Japan,53.0,5.921,1.06054,0.46761,0.10224,1.38007,0.91491,0.18985,2016
53,Kazakhstan,54.0,5.919,0.95544,0.4052,0.15011,1.22943,0.57386,0.11132,2016
54,Moldova,55.0,5.897,0.83132,0.25202,0.19997,0.69177,0.52309,0.01903,2016
55,Russia,56.0,5.856,1.05261,0.32682,0.02736,1.23228,0.58991,0.03586,2016
56,Poland,57.0,5.835,1.04685,0.4519,0.14443,1.24585,0.69058,0.055,2016
57,South Korea,57.0,5.835,0.72194,0.25168,0.18824,1.35948,0.88645,0.07716,2016
58,Bolivia,59.0,5.822,0.83779,0.50961,0.21698,0.79422,0.4697,0.07746,2016
59,Lithuania,60.0,5.813,1.06411,0.18929,0.02025,1.2692,0.64674,0.0182,2016
60,Belarus,61.0,5.802,1.04993,0.29091,0.13942,1.13062,0.63104,0.17457,2016
61,North Cyprus,62.0,5.771,0.81826,0.43596,0.26322,1.31141,0.84142,0.16578,2016
62,Slovenia,63.0,5.768,1.05613,0.53164,0.25738,1.29947,0.79151,0.03635,2016
63,Peru,64.0,5.743,0.81255,0.37502,0.14527,0.99602,0.62994,0.05292,2016
64,Turkmenistan,65.0,5.658,1.03817,0.37408,0.22567,1.08017,0.44006,0.28467,2016
65,Mauritius,66.0,5.648,0.75695,0.46145,0.36951,1.14372,0.66189,0.05203,2016
66,Libya,67.0,5.615,0.95076,0.40672,0.17087,1.06688,0.52304,0.10339,2016
67,Latvia,68.0,5.56,0.95025,0.27996,0.17445,1.21788,0.63952,0.0889,2016
68,Cyprus,69.0,5.546,0.70697,0.29507,0.27906,1.31857,0.8488,0.05228,2016
69,Paraguay,70.0,5.538,1.11111,0.46235,0.25296,0.89373,0.58295,0.07396,2016
70,Romania,71.0,5.528,0.72803,0.36712,0.12889,1.1697,0.67602,0.00679,2016
71,Estonia,72.0,5.517,1.05163,0.41511,0.08423,1.27964,0.68098,0.18519,2016
72,Jamaica,73.0,5.51,0.96372,0.43597,0.22245,0.89333,0.59469,0.04294,2016
73,Croatia,74.0,5.488,0.60809,0.23907,0.18434,1.18649,0.70524,0.04002,2016
74,Hong Kong,75.0,5.458,0.87021,0.48079,0.40097,1.5107,0.95277,0.31647,2016
75,Somalia,76.0,5.44,0.33613,0.56778,0.27225,0.0,0.11466,0.3118,2016
76,Kosovo,77.0,5.401,0.66062,0.14396,0.27992,0.90145,0.54,0.06547,2016
77,Turkey,78.0,5.389,0.87717,0.23889,0.04707,1.16492,0.64718,0.12348,2016
78,Indonesia,79.0,5.314,0.87625,0.39237,0.56521,0.95104,0.49374,0.00322,2016
79,Jordan,80.0,5.303,0.86216,0.36023,0.14262,0.99673,0.60712,0.13297,2016
80,Azerbaijan,81.0,5.291,0.76042,0.35327,0.0564,1.12373,0.54504,0.17914,2016
81,Philippines,82.0,5.279,0.87877,0.54854,0.21674,0.81217,0.47036,0.11757,2016
82,China,83.0,5.245,0.79381,0.44012,0.04959,1.0278,0.73561,0.02745,2016
83,Bhutan,84.0,5.196,0.90836,0.46074,0.48546,0.8527,0.49759,0.1616,2016
84,Kyrgyzstan,85.0,5.185,0.95434,0.40212,0.38432,0.56044,0.55449,0.04762,2016
85,Serbia,86.0,5.177,0.81329,0.15718,0.20737,1.03437,0.6458,0.04339,2016
86,Bosnia and Herzegovina,87.0,5.163,0.64367,0.09511,0.29889,0.93383,0.70766,0.0,2016
87,Montenegro,88.0,5.161,0.74173,0.15111,0.17191,1.07838,0.63533,0.12721,2016
88,Dominican Republic,89.0,5.155,0.99496,0.52259,0.21286,1.02787,0.57669,0.12372,2016
89,Morocco,90.0,5.151,0.38595,0.25646,0.04053,0.84058,0.59471,0.08404,2016
90,Hungary,91.0,5.145,0.93164,0.1977,0.099,1.24142,0.67608,0.04472,2016
91,Pakistan,92.0,5.132,0.26135,0.14622,0.31185,0.68816,0.40306,0.1388,2016
92,Lebanon,93.0,5.129,0.64184,0.26228,0.23693,1.12268,0.76171,0.03061,2016
93,Portugal,94.0,5.123,0.94367,0.44727,0.11691,1.27607,0.79363,0.01521,2016
94,Macedonia,95.0,5.121,0.78236,0.27668,0.23507,1.0193,0.64738,0.07047,2016
95,Vietnam,96.0,5.061,0.79117,0.55954,0.25075,0.74037,0.66157,0.11556,2016
96,Somaliland Region,97.0,5.057,0.75862,0.3913,0.51479,0.25558,0.33108,0.36794,2016
97,Tunisia,98.0,5.045,0.43165,0.23553,0.03936,0.97724,0.59577,0.0817,2016
98,Greece,99.0,5.033,0.75473,0.05822,0.0,1.24886,0.80029,0.04127,2016
99,Tajikistan,100.0,4.996,0.75602,0.43408,0.25998,0.48835,0.53119,0.13509,2016
100,Mongolia,101.0,4.907,1.08983,0.35972,0.34539,0.98853,0.55469,0.03285,2016
101,Laos,102.0,4.876,0.5497,0.52168,0.43079,0.68042,0.38291,0.22423,2016
102,Nigeria,103.0,4.875,0.64498,0.27854,0.23219,0.75216,0.05108,0.0305,2016
103,Honduras,104.0,4.871,0.75596,0.26755,0.2044,0.69429,0.58383,0.06906,2016
104,Iran,105.0,4.813,0.38857,0.22544,0.38538,1.11758,0.64232,0.0557,2016
105,Zambia,106.0,4.795,0.6376,0.42662,0.17866,0.61202,0.23573,0.11479,2016
106,Nepal,107.0,4.793,0.69699,0.37012,0.3816,0.44626,0.50073,0.07008,2016
107,Palestinian Territories,108.0,4.754,0.71629,0.17744,0.11154,0.67024,0.56844,0.10613,2016
108,Albania,109.0,4.655,0.50163,0.31866,0.1684,0.9553,0.73007,0.05301,2016
109,Bangladesh,110.0,4.643,0.24749,0.39778,0.19132,0.54177,0.52989,0.12583,2016
110,Sierra Leone,111.0,4.635,0.628,0.30685,0.23897,0.36485,0.0,0.08196,2016
111,Iraq,112.0,4.575,0.59205,0.24856,0.19589,1.07474,0.51076,0.13636,2016
112,Namibia,113.0,4.574,0.70362,0.48614,0.07795,0.93287,0.34745,0.10398,2016
113,Cameroon,114.0,4.513,0.62542,0.42736,0.2268,0.52497,0.12698,0.06126,2016
114,Ethiopia,115.0,4.508,0.37932,0.36703,0.29522,0.29283,0.34578,0.1717,2016
115,South Africa,116.0,4.459,0.96053,0.42483,0.13656,1.02416,0.18611,0.08415,2016
116,Sri Lanka,117.0,4.415,0.84783,0.50817,0.46978,0.97318,0.62007,0.07964,2016
117,India,118.0,4.404,0.29247,0.40285,0.25028,0.74036,0.45091,0.08722,2016
118,Myanmar,119.0,4.395,0.69981,0.42692,0.81971,0.34112,0.3988,0.20243,2016
119,Egypt,120.0,4.362,0.49813,0.18847,0.12706,0.95395,0.52116,0.10393,2016
120,Armenia,121.0,4.36,0.62477,0.14037,0.07793,0.86086,0.64083,0.03616,2016
121,Kenya,122.0,4.356,0.7624,0.40576,0.41328,0.52267,0.30147,0.06686,2016
122,Ukraine,123.0,4.324,1.01413,0.12859,0.20363,0.87287,0.58628,0.01829,2016
123,Ghana,124.0,4.276,0.49353,0.40973,0.21203,0.63107,0.29681,0.0326,2016
124,Congo (Kinshasa),125.0,4.272,0.80676,0.15602,0.25458,0.05661,0.188,0.06075,2016
125,Georgia,126.0,4.252,0.19249,0.32461,0.06786,0.83792,0.64035,0.3188,2016
126,Congo (Brazzaville),127.0,4.236,0.47799,0.37938,0.12077,0.77109,0.28212,0.09753,2016
127,Senegal,128.0,4.219,0.77416,0.31056,0.19103,0.44314,0.40457,0.11681,2016
128,Bulgaria,129.0,4.217,0.92542,0.21219,0.12793,1.11306,0.67806,0.00615,2016
129,Mauritania,130.0,4.201,0.84142,0.1268,0.22686,0.61391,0.28639,0.17955,2016
130,Zimbabwe,131.0,4.193,0.71478,0.25429,0.18503,0.35041,0.1595,0.08582,2016
131,Malawi,132.0,4.156,0.147,0.4143,0.30968,0.08709,0.29364,0.07564,2016
132,Sudan,133.0,4.139,0.81928,0.0,0.18077,0.63069,0.29759,0.10039,2016
133,Gabon,134.0,4.121,0.72368,0.28098,0.06244,1.15851,0.3494,0.09314,2016
134,Mali,135.0,4.073,0.86333,0.27544,0.21064,0.31292,0.16347,0.13647,2016
135,Haiti,136.0,4.028,0.29561,0.12072,0.47958,0.34097,0.27494,0.14476,2016
136,Botswana,137.0,3.974,0.89186,0.44089,0.12425,1.09426,0.34752,0.10769,2016
137,Comoros,138.0,3.956,0.60323,0.15412,0.1827,0.27509,0.29981,0.18437,2016
138,Ivory Coast,139.0,3.916,0.57576,0.40663,0.20338,0.55507,0.04476,0.1553,2016
139,Cambodia,140.0,3.907,0.5375,0.58852,0.40339,0.55604,0.42494,0.08092,2016
140,Angola,141.0,3.866,0.66366,0.00589,0.12071,0.84731,0.04991,0.08434,2016
141,Niger,142.0,3.856,0.6053,0.38041,0.2097,0.1327,0.26162,0.17176,2016
142,South Sudan,143.0,3.832,0.18519,0.19662,0.25899,0.39394,0.15781,0.13015,2016
143,Chad,144.0,3.763,0.63178,0.12807,0.18667,0.42214,0.03824,0.04952,2016
144,Burkina Faso,145.0,3.739,0.63054,0.3337,0.24353,0.31995,0.21297,0.12533,2016
145,Uganda,145.0,3.739,0.90981,0.43653,0.27102,0.34719,0.19625,0.06442,2016
146,Yemen,147.0,3.724,0.47493,0.2287,0.09821,0.57939,0.31048,0.05892,2016
147,Madagascar,148.0,3.695,0.46115,0.13684,0.2204,0.27954,0.37109,0.07506,2016
148,Tanzania,149.0,3.666,0.77623,0.3176,0.31472,0.47155,0.357,0.05099,2016
149,Liberia,150.0,3.622,0.50353,0.25748,0.24063,0.10706,0.23165,0.04852,2016
150,Guinea,151.0,3.607,0.3109,0.30953,0.29914,0.22415,0.18829,0.1192,2016
151,Rwanda,152.0,3.515,0.61586,0.5432,0.23552,0.32846,0.31865,0.50521,2016
152,Benin,153.0,3.484,0.10419,0.39747,0.2018,0.39499,0.21028,0.06681,2016
153,Afghanistan,154.0,3.36,0.11037,0.1643,0.31268,0.38227,0.17344,0.07112,2016
154,Togo,155.0,3.303,0.0,0.34678,0.17517,0.28123,0.24811,0.11587,2016
155,Syria,156.0,3.069,0.14866,0.06912,0.48397,0.74719,0.62994,0.17233,2016
156,Burundi,157.0,2.905,0.23442,0.0432,0.2029,0.06831,0.15747,0.09419,2016
0,Norway,1.0,7.53700017929077,1.53352355957031,0.635422587394714,0.36201223731041,1.61646318435669,0.796666502952576,0.315963834524155,2017
1,Denmark,2.0,7.52199983596802,1.55112159252167,0.626006722450256,0.355280488729477,1.48238301277161,0.792565524578094,0.40077006816864,2017
2,Iceland,3.0,7.50400018692017,1.6105740070343,0.627162635326385,0.475540220737457,1.480633020401,0.833552122116089,0.153526559472084,2017
3,Switzerland,4.0,7.49399995803833,1.51691174507141,0.620070576667786,0.290549278259277,1.56497955322266,0.858131289482117,0.367007285356522,2017
4,Finland,5.0,7.4689998626709,1.5402467250824,0.617950856685638,0.24548277258873,1.44357192516327,0.80915766954422,0.38261154294014,2017
5,Netherlands,6.0,7.3769998550415,1.42893922328949,0.585384488105774,0.470489829778671,1.50394463539124,0.810696125030518,0.282661825418472,2017
6,Canada,7.0,7.31599998474121,1.48134899139404,0.611100912094116,0.435539722442627,1.47920441627502,0.83455765247345,0.287371516227722,2017
7,New Zealand,8.0,7.31400012969971,1.54819512367249,0.614062130451202,0.500005125999451,1.40570604801178,0.816759705543518,0.382816702127457,2017
8,Sweden,9.0,7.28399991989136,1.47816216945648,0.612924098968506,0.385399252176285,1.49438726902008,0.830875158309937,0.384398728609085,2017
9,Australia,10.0,7.28399991989136,1.51004195213318,0.601607382297516,0.477699249982834,1.484414935112,0.84388679265976,0.301183730363846,2017
10,Israel,11.0,7.21299982070923,1.37628996372223,0.405988603830338,0.330082654953003,1.37538242340088,0.83840399980545,0.0852421000599861,2017
11,Costa Rica,12.0,7.0789999961853,1.41640365123749,0.580131649971008,0.214613229036331,1.10970628261566,0.759509265422821,0.100106589496136,2017
12,Austria,13.0,7.00600004196167,1.4599449634552,0.567766189575195,0.316472321748734,1.48709726333618,0.815328419208527,0.221060365438461,2017
13,United States,14.0,6.99300003051758,1.41992056369781,0.505740523338318,0.392578780651093,1.54625928401947,0.77428662776947,0.135638788342476,2017
14,Ireland,15.0,6.97700023651123,1.55823111534119,0.573110342025757,0.42785832285881,1.53570663928986,0.80978262424469,0.29838815331459,2017
15,Germany,16.0,6.95100021362305,1.47252035140991,0.562511384487152,0.336269170045853,1.48792338371277,0.798950731754303,0.276731938123703,2017
16,Belgium,17.0,6.89099979400635,1.46231269836426,0.539770722389221,0.231503337621689,1.46378076076508,0.818091869354248,0.251343131065369,2017
17,Luxembourg,18.0,6.86299991607666,1.45758366584778,0.59662789106369,0.283180981874466,1.74194359779358,0.845089495182037,0.31883442401886,2017
18,United Kingdom,19.0,6.71400022506714,1.49646008014679,0.508190035820007,0.492774158716202,1.44163393974304,0.805335938930511,0.265428066253662,2017
19,Chile,20.0,6.65199995040894,1.28402495384216,0.376895278692245,0.326662421226501,1.25278460979462,0.819479703903198,0.0822879821062088,2017
20,United Arab Emirates,21.0,6.64799976348877,1.26641023159027,0.60834527015686,0.3609419465065,1.62634336948395,0.726798236370087,0.324489563703537,2017
21,Brazil,22.0,6.63500022888184,1.43130600452423,0.437453746795654,0.16234989464283,1.10735321044922,0.616552352905273,0.111092761158943,2017
22,Czech Republic,23.0,6.60900020599365,1.43388521671295,0.490946173667908,0.0881067588925362,1.35268235206604,0.754444003105164,0.0368729270994663,2017
23,Argentina,24.0,6.59899997711182,1.44045114517212,0.494519203901291,0.109457060694695,1.18529546260834,0.695137083530426,0.059739887714386,2017
24,Mexico,25.0,6.57800006866455,1.210862159729,0.412730008363724,0.120990432798862,1.15318381786346,0.709978997707367,0.132774114608765,2017
25,Singapore,26.0,6.57200002670288,1.35381436347961,0.549840569496155,0.345965981483459,1.69227766990662,0.949492394924164,0.46430778503418,2017
26,Malta,27.0,6.52699995040894,1.48841166496277,0.588767051696777,0.574730575084686,1.34327983856201,0.821944236755371,0.153066068887711,2017
27,Uruguay,28.0,6.4539999961853,1.41222786903381,0.57939225435257,0.175096929073334,1.21755969524384,0.719216823577881,0.178061872720718,2017
28,Guatemala,29.0,6.4539999961853,1.25558519363403,0.531310617923737,0.283488392829895,0.872001945972443,0.540239989757538,0.0772232785820961,2017
29,Panama,30.0,6.4520001411438,1.37319254875183,0.550026834011078,0.21055693924427,1.23374843597412,0.706156134605408,0.070983923971653,2017
30,France,31.0,6.44199991226196,1.38777685165405,0.470222115516663,0.129762306809425,1.43092346191406,0.844465851783752,0.172502428293228,2017
31,Thailand,32.0,6.42399978637695,1.42579245567322,0.580200731754303,0.572123110294342,1.12786877155304,0.647239029407501,0.0316127352416515,2017
32,Taiwan Province of China,33.0,6.42199993133545,1.38456535339355,0.361466586589813,0.258360475301743,1.43362653255463,0.793984234333038,0.0638292357325554,2017
33,Spain,34.0,6.40299987792969,1.53209090232849,0.408781230449677,0.190133571624756,1.38439786434174,0.888960599899292,0.0709140971302986,2017
34,Qatar,35.0,6.375,1.27429687976837,0.604130983352661,0.330473870038986,1.87076568603516,0.710098087787628,0.439299255609512,2017
35,Colombia,36.0,6.35699987411499,1.4021829366684,0.477487415075302,0.149014472961426,1.07062232494354,0.595027923583984,0.0466687418520451,2017
36,Saudi Arabia,37.0,6.3439998626709,1.28667759895325,0.449750572443008,0.147616013884544,1.53062355518341,0.590148329734802,0.27343225479126,2017
37,Trinidad and Tobago,38.0,6.16800022125244,1.3802285194397,0.518630743026733,0.325296461582184,1.36135590076447,0.519983291625977,0.0089648161083459,2017
38,Kuwait,39.0,6.10500001907349,1.25969874858856,0.496337592601776,0.228289797902107,1.63295245170593,0.632105708122253,0.215159550309181,2017
39,Slovakia,40.0,6.09800004959106,1.50505924224854,0.295817464590073,0.136544480919838,1.32539355754852,0.712732911109924,0.0242108516395092,2017
40,Bahrain,41.0,6.08699989318848,1.32311046123505,0.536746919155121,0.172668486833572,1.48841226100922,0.653133034706116,0.257042169570923,2017
41,Malaysia,42.0,6.08400011062622,1.28464603424072,0.402264982461929,0.416608929634094,1.29121541976929,0.618784427642822,0.0656007081270218,2017
42,Nicaragua,43.0,6.07100009918213,1.28721570968628,0.447551846504211,0.301674216985703,0.737299203872681,0.653095960617065,0.130687981843948,2017
43,Ecuador,44.0,6.00799989700317,1.28616881370544,0.4551981985569,0.150112465023994,1.00082039833069,0.685636222362518,0.140134647488594,2017
44,El Salvador,45.0,6.00299978256226,1.18212509155273,0.432452529668808,0.0782579854130745,0.909784495830536,0.596018552780151,0.0899809598922729,2017
45,Poland,46.0,5.97300004959106,1.44571197032928,0.520342111587524,0.158465966582298,1.29178786277771,0.699475347995758,0.0593078061938286,2017
46,Uzbekistan,47.0,5.97100019454956,1.54896914958954,0.658248662948608,0.415983647108078,0.786441087722778,0.498272627592087,0.246528223156929,2017
47,Italy,48.0,5.96400022506714,1.44492328166962,0.256450712680817,0.17278964817524,1.39506661891937,0.853144347667694,0.0280280914157629,2017
48,Russia,49.0,5.96299982070923,1.46928238868713,0.373783111572266,0.0522638224065304,1.28177809715271,0.547349333763123,0.0329628810286522,2017
49,Belize,50.0,5.95599985122681,1.08141779899597,0.547509372234344,0.240015640854836,0.907975316047668,0.450191766023636,0.0965810716152191,2017
50,Japan,51.0,5.92000007629395,1.43633782863617,0.505625545978546,0.12057276815176,1.41691517829895,0.913475871086121,0.163760736584663,2017
51,Lithuania,52.0,5.90199995040894,1.47351610660553,0.234231784939766,0.010164656676352,1.31458234786987,0.62894994020462,0.0118656428530812,2017
52,Algeria,53.0,5.87200021743774,1.1462174654007,0.233335807919502,0.0694366469979286,1.09186446666718,0.617584645748138,0.146096110343933,2017
53,Latvia,54.0,5.84999990463257,1.40471494197845,0.325707912445068,0.153074786067009,1.26074862480164,0.638566970825195,0.0738427266478539,2017
54,South Korea,55.0,5.83799982070923,1.12827444076538,0.257921665906906,0.206674367189407,1.40167844295502,0.900214076042175,0.0632826685905457,2017
55,Moldova,56.0,5.83799982070923,1.25182557106018,0.240729048848152,0.208779126405716,0.728870630264282,0.589465200901031,0.0100912861526012,2017
56,Romania,57.0,5.82499980926514,1.15009129047394,0.457003742456436,0.133519917726517,1.21768391132355,0.685158312320709,0.00438790069893,2017
57,Bolivia,58.0,5.82299995422363,1.22761905193329,0.558732926845551,0.22556072473526,0.833756566047668,0.473630249500275,0.0604777261614799,2017
58,Turkmenistan,59.0,5.82200002670288,1.49314916133881,0.41827192902565,0.24992498755455,1.13077676296234,0.437726080417633,0.259270340204239,2017
59,Kazakhstan,60.0,5.81899976730347,1.38436901569366,0.437454283237457,0.201964423060417,1.28455626964569,0.606041550636292,0.119282886385918,2017
60,North Cyprus,61.0,5.80999994277954,1.18630337715149,0.471203625202179,0.266845703125,1.3469113111496,0.834647238254547,0.155353352427483,2017
61,Slovenia,62.0,5.75799989700317,1.45251882076263,0.572575807571411,0.242649093270302,1.3412059545517,0.790828227996826,0.0451289787888527,2017
62,Peru,63.0,5.71500015258789,1.21877038478851,0.450002878904343,0.126819714903831,1.03522527217865,0.630166113376617,0.0470490865409374,2017
63,Mauritius,64.0,5.62900018692017,1.20956099033356,0.491247326135635,0.360933750867844,1.18939554691315,0.638007462024689,0.0421815551817417,2017
64,Cyprus,65.0,5.62099981307983,1.13136327266693,0.355111539363861,0.271254301071167,1.35593807697296,0.84471470117569,0.0412379764020443,2017
65,Estonia,66.0,5.61100006103516,1.47667109966278,0.479131430387497,0.0988908112049103,1.32087934017181,0.695168316364288,0.183248922228813,2017
66,Belarus,67.0,5.56899976730347,1.44494521617889,0.295400261878967,0.15513750910759,1.15655755996704,0.637714266777039,0.156313821673393,2017
67,Libya,68.0,5.52500009536743,1.35756433010101,0.465733230113983,0.152073666453362,1.10180306434631,0.520169019699097,0.0926102101802826,2017
68,Turkey,69.0,5.5,1.33775317668915,0.300740599632263,0.0466930419206619,1.19827437400818,0.637605607509613,0.0996715798974037,2017
69,Paraguay,70.0,5.49300003051758,1.50728487968445,0.473507791757584,0.224150657653809,0.932537317276001,0.579250693321228,0.091065913438797,2017
70,"Hong Kong S.A.R., China",71.0,5.47200012207031,1.26279091835022,0.490968644618988,0.374465793371201,1.55167484283447,0.943062424659729,0.293933749198914,2017
71,Philippines,72.0,5.42999982833862,1.25391757488251,0.585214674472809,0.193513423204422,0.85769921541214,0.468009054660797,0.0993318930268288,2017
72,Serbia,73.0,5.39499998092651,1.25818979740143,0.208715528249741,0.220125883817673,1.06931757926941,0.65078467130661,0.0409037806093693,2017
73,Jordan,74.0,5.33599996566772,1.23908889293671,0.418421149253845,0.172170460224152,0.991012394428253,0.604590058326721,0.11980327218771,2017
74,Hungary,75.0,5.32399988174438,1.34313309192657,0.175863519310951,0.0784016624093056,1.2860119342804,0.687763452529907,0.0366369374096394,2017
75,Jamaica,76.0,5.31099987030029,1.36821806430817,0.474307239055634,0.233818337321281,0.925579309463501,0.641022384166718,0.0552677810192108,2017
76,Croatia,77.0,5.29300022125244,0.96798300743103,0.255772292613983,0.248002976179123,1.22255623340607,0.701288521289825,0.0431031100451946,2017
77,Kosovo,78.0,5.27899980545044,1.13785350322723,0.260287940502167,0.319931447505951,0.951484382152557,0.541452050209045,0.0574716180562973,2017
78,China,79.0,5.27299976348877,1.16083741188049,0.472787708044052,0.0288068410009146,1.08116579055786,0.741415500640869,0.0227942746132612,2017
79,Pakistan,80.0,5.26900005340576,0.672690689563751,0.23521526157856,0.315446019172668,0.72688353061676,0.402047783136368,0.124348066747189,2017
80,Indonesia,81.0,5.26200008392334,1.27444469928741,0.443323463201523,0.611704587936401,0.995538592338562,0.492345720529556,0.0153171354904771,2017
81,Venezuela,82.0,5.25,1.43133759498596,0.153997123241425,0.0650196298956871,1.12843120098114,0.617144227027893,0.0644911229610443,2017
82,Montenegro,83.0,5.23699998855591,1.23837649822235,0.194989055395126,0.197911024093628,1.12112903594971,0.667464673519135,0.0881741940975189,2017
83,Morocco,84.0,5.2350001335144,0.774864435195923,0.408158332109451,0.0322099551558495,0.878114581108093,0.59771066904068,0.0877631828188896,2017
84,Azerbaijan,85.0,5.23400020599365,1.15240025520325,0.398155838251114,0.0452693402767181,1.15360176563263,0.540775775909424,0.180987507104874,2017
85,Dominican Republic,86.0,5.23000001907349,1.40241670608521,0.55258983373642,0.186967849731445,1.07937383651733,0.574873745441437,0.113945253193378,2017
86,Greece,87.0,5.22700023651123,1.23941457271576,0.0957312509417534,0.0,1.28948748111725,0.810198903083801,0.04328977689147,2017
87,Lebanon,88.0,5.22499990463257,1.12962424755096,0.288515985012054,0.264450758695602,1.07498753070831,0.735081076622009,0.037513829767704,2017
88,Portugal,89.0,5.19500017166138,1.36704301834106,0.498465299606323,0.0951027125120163,1.3151752948761,0.795843541622162,0.0158694516867399,2017
89,Bosnia and Herzegovina,90.0,5.18200016021729,1.0693359375,0.204403176903725,0.328867495059967,0.982409417629242,0.705186307430267,0.0,2017
90,Honduras,91.0,5.18100023269653,1.14394497871399,0.348079860210419,0.236188873648643,0.730573117733002,0.582569479942322,0.0733454525470734,2017
91,Macedonia,92.0,5.17500019073486,1.20789301395416,0.325905978679657,0.25376096367836,1.06457793712616,0.644948184490204,0.0602777935564518,2017
92,Somalia,93.0,5.15100002288818,0.721151351928711,0.602126955986023,0.291631311178207,0.0226431842893362,0.113989137113094,0.282410323619843,2017
93,Vietnam,94.0,5.07399988174438,1.27749133110046,0.571055591106415,0.234968051314354,0.788547575473785,0.652168989181519,0.0876332372426987,2017
94,Nigeria,95.0,5.07399988174438,1.21577048301697,0.394952565431595,0.230947196483612,0.783756256103516,0.0569157302379608,0.0261215660721064,2017
95,Tajikistan,96.0,5.04099988937378,1.27146327495575,0.471566706895828,0.248997643589973,0.524713635444641,0.529235124588013,0.146377146244049,2017
96,Bhutan,97.0,5.01100015640259,1.34012651443481,0.501537680625916,0.474054545164108,0.885416388511658,0.495879292488098,0.173380389809608,2017
97,Kyrgyzstan,98.0,5.00400018692017,1.39423859119415,0.454943388700485,0.42858037352562,0.596220076084137,0.553457796573639,0.0394391790032387,2017
98,Nepal,99.0,4.96199989318848,1.17928326129913,0.440305948257446,0.394096165895462,0.479820191860199,0.504130780696869,0.0729755461215973,2017
99,Mongolia,100.0,4.95499992370605,1.4930112361908,0.394143968820572,0.338464230298996,1.02723586559296,0.557783484458923,0.0329022891819477,2017
100,South Africa,101.0,4.8289999961853,1.38478863239288,0.479246735572815,0.139362379908562,1.05469870567322,0.187080070376396,0.0725094974040985,2017
101,Tunisia,102.0,4.80499982833862,0.868351459503174,0.289680689573288,0.0496933571994305,1.00726580619812,0.613212049007416,0.0867231488227844,2017
102,Palestinian Territories,103.0,4.77500009536743,1.15564715862274,0.25471106171608,0.114173173904419,0.716249227523804,0.565666973590851,0.0892826020717621,2017
103,Egypt,104.0,4.7350001335144,0.997471392154694,0.282110154628754,0.128631442785263,0.989701807498932,0.520187258720398,0.114381365478039,2017
104,Bulgaria,105.0,4.71400022506714,1.43437945842743,0.289231717586517,0.113177694380283,1.1614590883255,0.708217680454254,0.0110515309497714,2017
105,Sierra Leone,106.0,4.70900011062622,0.984136044979095,0.318697690963745,0.293040901422501,0.36842092871666,0.0055647538974881,0.0710951760411263,2017
106,Cameroon,107.0,4.69500017166138,0.946018218994141,0.430388748645782,0.236298456788063,0.564305365085602,0.132892116904259,0.0513066314160824,2017
107,Iran,108.0,4.69199991226196,0.711551249027252,0.249322608113289,0.387242913246155,1.15687310695648,0.639333188533783,0.048761073499918,2017
108,Albania,109.0,4.64400005340576,0.803685247898102,0.381498634815216,0.201312944293022,0.996192753314972,0.731159746646881,0.0398642159998417,2017
109,Bangladesh,110.0,4.60799980163574,0.735131740570068,0.478356659412384,0.172255352139473,0.586682975292206,0.533241033554077,0.123717859387398,2017
110,Namibia,111.0,4.57399988174438,1.0984708070755,0.520303547382355,0.0771337449550629,0.964434325695038,0.33861181139946,0.0931469723582268,2017
111,Kenya,112.0,4.55299997329712,1.06795072555542,0.452763766050339,0.444860309362411,0.560479462146759,0.309988349676132,0.0646413192152977,2017
112,Mozambique,113.0,4.55000019073486,0.870701014995575,0.480791091918945,0.322228103876114,0.234305649995804,0.106654435396194,0.179436385631561,2017
113,Myanmar,114.0,4.54500007629395,1.12323594093323,0.514492034912109,0.838075160980225,0.367110550403595,0.397522568702698,0.188816204667091,2017
114,Senegal,115.0,4.53499984741211,1.17969191074371,0.377922266721725,0.183468893170357,0.479309022426605,0.409362852573395,0.115460447967052,2017
115,Zambia,116.0,4.51399993896484,1.00318729877472,0.461603492498398,0.249580144882202,0.636406779289246,0.257835894823074,0.0782135501503944,2017
116,Iraq,117.0,4.49700021743774,0.978613197803497,0.288555532693863,0.19963726401329,1.10271048545837,0.501180469989777,0.107215754687786,2017
117,Gabon,118.0,4.46500015258789,1.1556202173233,0.312328577041626,0.0437853783369064,1.1982102394104,0.356578588485718,0.0760467872023582,2017
118,Ethiopia,119.0,4.46000003814697,0.86466920375824,0.408842742443085,0.312650740146637,0.339233845472336,0.353409707546234,0.165455713868141,2017
119,Sri Lanka,120.0,4.44000005722046,1.25997638702393,0.561213254928589,0.490863561630249,1.00985014438629,0.625130832195282,0.0736539661884308,2017
120,Armenia,121.0,4.37599992752075,1.00748372077942,0.198303267359734,0.0834880918264389,0.900596737861633,0.637524425983429,0.0266744215041399,2017
121,India,122.0,4.31500005722046,0.754372596740723,0.469987004995346,0.231538489460945,0.792221248149872,0.455427616834641,0.0922268852591515,2017
122,Mauritania,123.0,4.29199981689453,1.2720308303833,0.0960980430245399,0.201870024204254,0.648457288742065,0.285349279642105,0.136957004666328,2017
123,Congo (Brazzaville),124.0,4.29099988937378,0.832044363021851,0.435025870800018,0.120852127671242,0.808964252471924,0.28995743393898,0.0796181336045265,2017
124,Georgia,125.0,4.28599977493286,0.57061493396759,0.309410035610199,0.0540088154375553,0.950612664222717,0.649546980857849,0.251666635274887,2017
125,Congo (Kinshasa),126.0,4.28000020980835,1.22902345657349,0.235961347818375,0.246455833315849,0.0921023488044739,0.191407024860382,0.0602413564920425,2017
126,Mali,127.0,4.19000005722046,1.28147339820862,0.306613743305206,0.183354198932648,0.476180493831635,0.169365674257278,0.104970246553421,2017
127,Ivory Coast,128.0,4.17999982833862,0.904780030250549,0.447706192731857,0.201237469911575,0.603048920631409,0.0486421696841717,0.130061775445938,2017
128,Cambodia,129.0,4.16800022125244,1.00623834133148,0.633375823497772,0.385922968387604,0.601765096187592,0.429783403873444,0.0681059509515762,2017
129,Sudan,130.0,4.13899993896484,1.21400856971741,0.0149958552792668,0.182317450642586,0.65951669216156,0.290920823812485,0.089847519993782,2017
130,Ghana,131.0,4.11999988555908,0.873664736747742,0.423026293516159,0.256923943758011,0.667224824428558,0.295637726783752,0.0253363698720932,2017
131,Ukraine,132.0,4.09600019454956,1.39453756809235,0.122974775731564,0.270061463117599,0.89465194940567,0.575903952121735,0.0230294708162546,2017
132,Uganda,133.0,4.08099985122681,1.12982773780823,0.443185955286026,0.325766056776047,0.381430715322495,0.217632606625557,0.057069718837738,2017
133,Burkina Faso,134.0,4.03200006484985,1.04328000545502,0.324367851018906,0.250864684581757,0.3502277135849,0.215844258666039,0.120328105986118,2017
134,Niger,135.0,4.02799987792969,0.993025004863739,0.36365869641304,0.228673845529556,0.161925330758095,0.26850500702858,0.138572946190834,2017
135,Malawi,136.0,3.97000002861023,0.512568831443787,0.466914653778076,0.287170469760895,0.233442038297653,0.315089583396912,0.0727116540074348,2017
136,Chad,137.0,3.93600010871887,0.953855872154236,0.16234202682972,0.216113850474358,0.438012987375259,0.0411347150802612,0.0535818822681904,2017
137,Zimbabwe,138.0,3.875,1.08309590816498,0.336384207010269,0.189143493771553,0.375846534967422,0.196763753890991,0.0953753814101219,2017
138,Lesotho,139.0,3.80800008773804,1.19009518623352,0.390661299228668,0.157497271895409,0.521021246910095,0.0,0.119094640016556,2017
139,Angola,140.0,3.79500007629395,1.10441195964813,0.0,0.097926490008831,0.858428180217743,0.0498686656355858,0.0697203353047371,2017
140,Afghanistan,141.0,3.79399991035461,0.581543326377869,0.106179520487785,0.311870932579041,0.401477217674255,0.180746778845787,0.0611578300595284,2017
141,Botswana,142.0,3.76600003242493,1.22155499458313,0.505196332931519,0.0993484482169151,1.12209415435791,0.341755509376526,0.0985831990838051,2017
142,Benin,143.0,3.65700006484985,0.435299843549728,0.425962775945663,0.207948461174965,0.431085407733917,0.209930211305618,0.0609290152788162,2017
143,Madagascar,144.0,3.64400005340576,0.913020372390747,0.189196765422821,0.208732530474663,0.305808693170547,0.375223308801651,0.0672319754958153,2017
144,Haiti,145.0,3.6029999256134,0.640449821949005,0.0303698573261499,0.489203780889511,0.368610262870789,0.277321130037308,0.0998721495270729,2017
145,Yemen,146.0,3.59299993515015,0.93538224697113,0.249463722109795,0.104125209152699,0.591683447360992,0.310080915689468,0.0567674227058887,2017
146,South Sudan,147.0,3.59100008010864,0.601323127746582,0.147062435746193,0.285670816898346,0.39724862575531,0.163486003875732,0.116793513298035,2017
147,Liberia,148.0,3.53299999237061,0.872117936611176,0.332881182432175,0.26654988527298,0.119041793048382,0.229918196797371,0.0389482490718365,2017
148,Guinea,149.0,3.50699996948242,0.791244685649872,0.348587512969971,0.264815092086792,0.244549930095673,0.194129139184952,0.110937617719173,2017
149,Togo,150.0,3.49499988555908,0.431882530450821,0.38042613863945,0.196896150708199,0.305444717407227,0.247105568647385,0.0956650152802467,2017
150,Rwanda,151.0,3.47099995613098,0.945707023143768,0.581843852996826,0.252756029367447,0.368745893239975,0.326424807310104,0.455220013856888,2017
151,Syria,152.0,3.46199989318848,0.396102607250214,0.0815394446253777,0.493663728237152,0.777153134346008,0.50053334236145,0.151347130537033,2017
152,Tanzania,153.0,3.34899997711182,1.04198980331421,0.390017777681351,0.354256361722946,0.511135876178741,0.364509284496307,0.0660351067781448,2017
153,Burundi,154.0,2.90499997138977,0.629793584346771,0.0599007532000542,0.204435184597969,0.091622568666935,0.151610791683197,0.0841479450464249,2017
154,Central African Republic,155.0,2.69300007820129,0.0,0.270842045545578,0.280876487493515,0.0,0.0187726859003305,0.0565650761127472,2017
0,Finland,1.0,7.632,1.592,0.681,0.202,1.305,0.874,0.393,2018
1,Norway,2.0,7.594,1.582,0.686,0.286,1.456,0.861,0.34,2018
2,Denmark,3.0,7.555,1.59,0.683,0.284,1.351,0.868,0.408,2018
3,Iceland,4.0,7.495,1.644,0.677,0.353,1.343,0.914,0.138,2018
4,Switzerland,5.0,7.487,1.549,0.66,0.256,1.42,0.927,0.357,2018
5,Netherlands,6.0,7.441,1.488,0.638,0.333,1.361,0.878,0.295,2018
6,Canada,7.0,7.328,1.532,0.653,0.321,1.33,0.896,0.291,2018
7,New Zealand,8.0,7.324,1.601,0.669,0.365,1.268,0.876,0.389,2018
8,Sweden,9.0,7.314,1.501,0.659,0.285,1.355,0.913,0.383,2018
9,Australia,10.0,7.272,1.573,0.647,0.361,1.34,0.91,0.302,2018
10,United Kingdom,11.0,7.19,1.433,0.464,0.262,1.244,0.888,0.082,2018
11,Austria,12.0,7.139,1.504,0.617,0.242,1.341,0.891,0.224,2018
12,Costa Rica,13.0,7.072,1.459,0.632,0.143,1.01,0.817,0.101,2018
13,Ireland,14.0,6.977,1.583,0.614,0.307,1.448,0.876,0.306,2018
14,Germany,15.0,6.965,1.474,0.586,0.273,1.34,0.861,0.28,2018
15,Belgium,16.0,6.927,1.483,0.583,0.188,1.324,0.894,0.24,2018
16,Luxembourg,17.0,6.91,1.52,0.632,0.196,1.576,0.896,0.321,2018
17,United States,18.0,6.886,1.471,0.547,0.291,1.398,0.819,0.133,2018
18,Israel,19.0,6.814,1.559,0.533,0.354,1.301,0.883,0.272,2018
19,United Arab Emirates,20.0,6.774,0.776,0.284,0.186,2.096,0.67,0.0,2018
20,Czech Republic,21.0,6.711,1.489,0.543,0.064,1.233,0.854,0.034,2018
21,Malta,22.0,6.627,1.525,0.645,0.376,1.27,0.884,0.142,2018
22,France,23.0,6.489,1.466,0.52,0.098,1.293,0.908,0.176,2018
23,Mexico,24.0,6.488,1.252,0.479,0.069,1.038,0.761,0.095,2018
24,Chile,25.0,6.476,1.331,0.431,0.197,1.131,0.808,0.061,2018
25,Taiwan,26.0,6.441,1.436,0.418,0.151,1.365,0.857,0.078,2018
26,Panama,27.0,6.43,1.438,0.597,0.125,1.112,0.759,0.063,2018
27,Brazil,28.0,6.419,1.474,0.493,0.11,0.986,0.675,0.088,2018
28,Argentina,29.0,6.388,1.468,0.57,0.062,1.073,0.744,0.054,2018
29,Guatemala,30.0,6.382,1.268,0.604,0.179,0.781,0.608,0.071,2018
30,Uruguay,31.0,6.379,1.459,0.625,0.13,1.093,0.771,0.155,2018
31,Qatar,32.0,6.374,1.303,0.654,0.256,1.649,0.748,0.171,2018
32,Saudi Arabia,33.0,6.371,1.331,0.509,0.098,1.379,0.633,0.127,2018
33,Singapore,34.0,6.343,1.451,0.631,0.261,1.529,1.008,0.457,2018
34,Malaysia,35.0,6.322,1.258,0.356,0.311,1.161,0.669,0.059,2018
35,Spain,36.0,6.31,1.538,0.449,0.142,1.251,0.965,0.074,2018
36,Colombia,37.0,6.26,1.439,0.531,0.099,0.96,0.635,0.039,2018
37,Trinidad & Tobago,38.0,6.192,1.492,0.575,0.171,1.223,0.564,0.019,2018
38,Slovakia,39.0,6.173,1.537,0.354,0.118,1.21,0.776,0.014,2018
39,El Salvador,40.0,6.167,1.231,0.461,0.065,0.806,0.639,0.082,2018
40,Nicaragua,41.0,6.141,1.319,0.527,0.208,0.668,0.7,0.128,2018
41,Poland,42.0,6.123,1.448,0.546,0.108,1.176,0.781,0.064,2018
42,Bahrain,43.0,6.105,1.366,0.594,0.243,1.338,0.698,0.123,2018
43,Uzbekistan,44.0,6.096,1.584,0.724,0.328,0.719,0.605,0.259,2018
44,Kuwait,45.0,6.083,1.301,0.554,0.167,1.474,0.675,0.106,2018
45,Thailand,46.0,6.072,1.417,0.637,0.364,1.016,0.707,0.029,2018
46,Italy,47.0,6.0,1.501,0.281,0.137,1.264,0.946,0.028,2018
47,Ecuador,48.0,5.973,1.33,0.556,0.114,0.889,0.736,0.12,2018
48,Belize,49.0,5.956,1.101,0.593,0.183,0.807,0.474,0.089,2018
49,Lithuania,50.0,5.952,1.527,0.35,0.026,1.197,0.716,0.006,2018
50,Slovenia,51.0,5.948,1.506,0.633,0.16,1.219,0.856,0.051,2018
51,Romania,52.0,5.945,1.219,0.528,0.088,1.116,0.726,0.001,2018
52,Latvia,53.0,5.933,1.454,0.363,0.092,1.148,0.671,0.066,2018
53,Japan,54.0,5.915,1.462,0.553,0.079,1.294,0.988,0.15,2018
54,Mauritius,55.0,5.891,1.387,0.584,0.245,1.09,0.684,0.05,2018
55,Jamaica,56.0,5.89,1.493,0.575,0.096,0.819,0.693,0.031,2018
56,South Korea,57.0,5.875,1.204,0.244,0.175,1.266,0.955,0.051,2018
57,Northern Cyprus,58.0,5.835,1.211,0.495,0.179,1.229,0.909,0.154,2018
58,Russia,59.0,5.81,1.479,0.399,0.065,1.151,0.599,0.025,2018
59,Kazakhstan,60.0,5.79,1.516,0.454,0.148,1.143,0.631,0.121,2018
60,Cyprus,61.0,5.762,1.191,0.423,0.202,1.229,0.909,0.035,2018
61,Bolivia,62.0,5.752,1.223,0.606,0.141,0.751,0.508,0.054,2018
62,Estonia,63.0,5.739,1.532,0.553,0.086,1.2,0.737,0.174,2018
63,Paraguay,64.0,5.681,1.522,0.541,0.162,0.835,0.615,0.074,2018
64,Peru,65.0,5.663,1.249,0.53,0.092,0.934,0.674,0.034,2018
65,Kosovo,66.0,5.662,1.23,0.448,0.274,0.855,0.578,0.023,2018
66,Moldova,67.0,5.64,1.301,0.232,0.171,0.657,0.62,0.0,2018
67,Turkmenistan,68.0,5.636,1.533,0.417,0.199,1.016,0.517,0.037,2018
68,Hungary,69.0,5.62,1.401,0.259,0.061,1.171,0.732,0.022,2018
69,Libya,70.0,5.566,1.35,0.496,0.116,0.985,0.553,0.148,2018
70,Philippines,71.0,5.524,1.312,0.643,0.12,0.775,0.513,0.105,2018
71,Honduras,72.0,5.504,1.205,0.459,0.197,0.62,0.622,0.074,2018
72,Belarus,73.0,5.483,1.498,0.307,0.101,1.039,0.7,0.154,2018
73,Turkey,74.0,5.483,1.38,0.324,0.106,1.148,0.686,0.109,2018
74,Pakistan,75.0,5.472,0.81,0.334,0.216,0.652,0.424,0.113,2018
75,Hong Kong,76.0,5.43,1.29,0.524,0.246,1.405,1.03,0.291,2018
76,Portugal,77.0,5.41,1.429,0.562,0.055,1.188,0.884,0.017,2018
77,Serbia,78.0,5.398,1.369,0.288,0.134,0.975,0.685,0.043,2018
78,Greece,79.0,5.358,1.202,0.131,0.0,1.154,0.879,0.044,2018
79,Lebanon,80.0,5.358,1.179,0.503,0.214,0.965,0.785,0.136,2018
80,Montenegro,81.0,5.347,1.279,0.259,0.111,1.017,0.729,0.081,2018
81,Croatia,82.0,5.321,1.161,0.38,0.12,1.115,0.737,0.039,2018
82,Dominican Republic,83.0,5.302,1.441,0.578,0.12,0.982,0.614,0.106,2018
83,Algeria,84.0,5.295,1.154,0.077,0.055,0.979,0.687,0.135,2018
84,Morocco,85.0,5.254,0.797,0.46,0.026,0.779,0.669,0.074,2018
85,China,86.0,5.246,1.142,0.597,0.029,0.989,0.799,0.103,2018
86,Azerbaijan,87.0,5.201,1.161,0.43,0.031,1.024,0.603,0.176,2018
87,Tajikistan,88.0,5.199,1.166,0.292,0.187,0.474,0.598,0.034,2018
88,Macedonia,89.0,5.185,1.239,0.394,0.173,0.959,0.691,0.052,2018
89,Jordan,90.0,5.161,1.265,0.468,0.13,0.822,0.645,0.134,2018
90,Nigeria,91.0,5.155,1.172,0.462,0.201,0.689,0.048,0.032,2018
91,Kyrgyzstan,92.0,5.131,1.416,0.54,0.281,0.53,0.594,0.035,2018
92,Bosnia and Herzegovina,93.0,5.129,1.078,0.28,0.216,0.915,0.758,0.0,2018
93,Mongolia,94.0,5.125,1.517,0.395,0.253,0.914,0.575,0.032,2018
94,Vietnam,95.0,5.103,1.365,0.618,0.177,0.715,0.702,0.079,2018
95,Indonesia,96.0,5.093,1.215,0.538,0.484,0.899,0.522,0.018,2018
96,Bhutan,97.0,5.082,1.335,0.541,0.364,0.796,0.527,0.171,2018
97,Somalia,98.0,4.982,0.712,0.674,0.238,0.0,0.115,0.282,2018
98,Cameroon,99.0,4.975,0.891,0.454,0.183,0.535,0.182,0.043,2018
99,Bulgaria,100.0,4.933,1.515,0.359,0.064,1.054,0.712,0.009,2018
100,Nepal,101.0,4.88,1.228,0.526,0.302,0.425,0.539,0.078,2018
101,Venezuela,102.0,4.806,1.469,0.133,0.056,0.996,0.657,0.052,2018
102,Gabon,103.0,4.758,1.164,0.356,0.032,1.036,0.404,0.052,2018
103,Palestinian Territories,104.0,4.743,1.217,0.266,0.086,0.642,0.602,0.076,2018
104,South Africa,105.0,4.724,1.41,0.516,0.103,0.94,0.33,0.056,2018
105,Iran,106.0,4.707,0.771,0.459,0.282,1.059,0.691,0.129,2018
106,Ivory Coast,107.0,4.671,0.872,0.467,0.146,0.541,0.08,0.103,2018
107,Ghana,108.0,4.657,0.896,0.499,0.212,0.592,0.337,0.029,2018
108,Senegal,109.0,4.631,1.117,0.406,0.138,0.429,0.433,0.082,2018
109,Laos,110.0,4.623,1.034,0.626,0.23,0.72,0.441,0.174,2018
110,Tunisia,111.0,4.592,0.906,0.271,0.04,0.9,0.69,0.063,2018
111,Albania,112.0,4.586,0.817,0.419,0.149,0.916,0.79,0.032,2018
112,Sierra Leone,113.0,4.571,0.813,0.355,0.238,0.256,0.0,0.053,2018
113,Congo (Brazzaville),114.0,4.559,0.811,0.514,0.091,0.682,0.343,0.077,2018
114,Bangladesh,115.0,4.5,0.85,0.58,0.153,0.532,0.579,0.144,2018
115,Sri Lanka,116.0,4.471,1.314,0.585,0.307,0.918,0.672,0.05,2018
116,Iraq,117.0,4.456,0.971,0.304,0.148,1.01,0.536,0.095,2018
117,Mali,118.0,4.447,1.233,0.367,0.139,0.37,0.152,0.056,2018
118,Namibia,119.0,4.441,1.281,0.519,0.051,0.874,0.365,0.064,2018
119,Cambodia,120.0,4.433,1.088,0.696,0.256,0.549,0.457,0.065,2018
120,Burkina Faso,121.0,4.424,1.097,0.312,0.175,0.314,0.254,0.128,2018
121,Egypt,122.0,4.419,1.025,0.312,0.092,0.885,0.553,0.107,2018
122,Mozambique,123.0,4.417,0.902,0.531,0.206,0.198,0.173,0.158,2018
123,Kenya,124.0,4.41,1.048,0.504,0.352,0.493,0.454,0.055,2018
124,Zambia,125.0,4.377,1.047,0.503,0.221,0.562,0.295,0.082,2018
125,Mauritania,126.0,4.356,1.245,0.129,0.134,0.557,0.292,0.093,2018
126,Ethiopia,127.0,4.35,0.95,0.452,0.22,0.308,0.391,0.146,2018
127,Georgia,128.0,4.34,0.592,0.375,0.038,0.853,0.643,0.215,2018
128,Armenia,129.0,4.321,0.99,0.26,0.077,0.816,0.666,0.028,2018
129,Myanmar,130.0,4.308,1.174,0.58,0.598,0.682,0.429,0.178,2018
130,Chad,131.0,4.301,0.907,0.189,0.181,0.358,0.053,0.06,2018
131,Congo (Kinshasa),132.0,4.245,1.136,0.312,0.197,0.069,0.204,0.052,2018
132,India,133.0,4.19,0.747,0.539,0.172,0.721,0.485,0.093,2018
133,Niger,134.0,4.166,0.867,0.39,0.175,0.131,0.221,0.099,2018
134,Uganda,135.0,4.161,1.09,0.45,0.259,0.322,0.237,0.061,2018
135,Benin,136.0,4.141,0.372,0.44,0.163,0.378,0.24,0.067,2018
136,Sudan,137.0,4.139,1.24,0.016,0.134,0.605,0.312,0.082,2018
137,Ukraine,138.0,4.103,1.413,0.163,0.187,0.793,0.609,0.011,2018
138,Togo,139.0,3.999,0.474,0.434,0.158,0.259,0.253,0.101,2018
139,Guinea,140.0,3.964,0.792,0.394,0.185,0.344,0.211,0.094,2018
140,Lesotho,141.0,3.808,1.215,0.423,0.116,0.472,0.079,0.112,2018
141,Angola,142.0,3.795,1.125,0.0,0.079,0.73,0.269,0.061,2018
142,Madagascar,143.0,3.774,0.908,0.221,0.155,0.262,0.402,0.049,2018
143,Zimbabwe,144.0,3.692,1.094,0.406,0.132,0.357,0.248,0.099,2018
144,Afghanistan,145.0,3.632,0.537,0.085,0.191,0.332,0.255,0.036,2018
145,Botswana,146.0,3.59,1.174,0.557,0.042,1.017,0.417,0.092,2018
146,Malawi,147.0,3.587,0.541,0.531,0.21,0.186,0.306,0.08,2018
147,Haiti,148.0,3.582,0.714,0.025,0.392,0.315,0.289,0.104,2018
148,Liberia,149.0,3.495,0.858,0.419,0.206,0.076,0.267,0.03,2018
149,Syria,150.0,3.462,0.382,0.088,0.376,0.689,0.539,0.144,2018
150,Rwanda,151.0,3.408,0.896,0.636,0.2,0.332,0.4,0.444,2018
151,Yemen,152.0,3.355,1.073,0.244,0.083,0.442,0.343,0.064,2018
152,Tanzania,153.0,3.303,0.991,0.481,0.27,0.455,0.381,0.097,2018
153,South Sudan,154.0,3.254,0.608,0.112,0.224,0.337,0.177,0.106,2018
154,Central African Republic,155.0,3.083,0.0,0.305,0.218,0.024,0.01,0.038,2018
155,Burundi,156.0,2.905,0.627,0.065,0.149,0.091,0.145,0.076,2018
0,Finland,1.0,7.769,1.587,0.596,0.153,1.34,0.986,0.393,2019
1,Denmark,2.0,7.6,1.573,0.592,0.252,1.383,0.996,0.41,2019
2,Norway,3.0,7.554,1.582,0.603,0.271,1.488,1.028,0.341,2019
3,Iceland,4.0,7.494,1.624,0.591,0.354,1.38,1.026,0.118,2019
4,Netherlands,5.0,7.488,1.522,0.557,0.322,1.396,0.999,0.298,2019
5,Switzerland,6.0,7.48,1.526,0.572,0.263,1.452,1.052,0.343,2019
6,Sweden,7.0,7.343,1.487,0.574,0.267,1.387,1.009,0.373,2019
7,New Zealand,8.0,7.307,1.557,0.585,0.33,1.303,1.026,0.38,2019
8,Canada,9.0,7.278,1.505,0.584,0.285,1.365,1.039,0.308,2019
9,Austria,10.0,7.246,1.475,0.532,0.244,1.376,1.016,0.226,2019
10,Australia,11.0,7.228,1.548,0.557,0.332,1.372,1.036,0.29,2019
11,Costa Rica,12.0,7.167,1.441,0.558,0.144,1.034,0.963,0.093,2019
12,Israel,13.0,7.139,1.455,0.371,0.261,1.276,1.029,0.082,2019
13,Luxembourg,14.0,7.09,1.479,0.526,0.194,1.609,1.012,0.316,2019
14,United Kingdom,15.0,7.054,1.538,0.45,0.348,1.333,0.996,0.278,2019
15,Ireland,16.0,7.021,1.553,0.516,0.298,1.499,0.999,0.31,2019
16,Germany,17.0,6.985,1.454,0.495,0.261,1.373,0.987,0.265,2019
17,Belgium,18.0,6.923,1.504,0.473,0.16,1.356,0.986,0.21,2019
18,United States,19.0,6.892,1.457,0.454,0.28,1.433,0.874,0.128,2019
19,Czech Republic,20.0,6.852,1.487,0.457,0.046,1.269,0.92,0.036,2019
20,United Arab Emirates,21.0,6.825,1.31,0.598,0.262,1.503,0.825,0.182,2019
21,Malta,22.0,6.726,1.52,0.564,0.375,1.3,0.999,0.151,2019
22,Mexico,23.0,6.595,1.323,0.433,0.074,1.07,0.861,0.073,2019
23,France,24.0,6.592,1.472,0.436,0.111,1.324,1.045,0.183,2019
24,Taiwan,25.0,6.446,1.43,0.351,0.242,1.368,0.914,0.097,2019
25,Chile,26.0,6.444,1.369,0.357,0.187,1.159,0.92,0.056,2019
26,Guatemala,27.0,6.436,1.269,0.535,0.175,0.8,0.746,0.078,2019
27,Saudi Arabia,28.0,6.375,1.357,0.439,0.08,1.403,0.795,0.132,2019
28,Qatar,29.0,6.374,1.313,0.555,0.22,1.684,0.871,0.167,2019
29,Spain,30.0,6.354,1.484,0.362,0.153,1.286,1.062,0.079,2019
30,Panama,31.0,6.321,1.442,0.516,0.109,1.149,0.91,0.054,2019
31,Brazil,32.0,6.3,1.439,0.39,0.099,1.004,0.802,0.086,2019
32,Uruguay,33.0,6.293,1.465,0.523,0.127,1.124,0.891,0.15,2019
33,Singapore,34.0,6.262,1.463,0.556,0.271,1.572,1.141,0.453,2019
34,El Salvador,35.0,6.253,1.242,0.43,0.093,0.794,0.789,0.074,2019
35,Italy,36.0,6.223,1.488,0.231,0.158,1.294,1.039,0.03,2019
36,Bahrain,37.0,6.199,1.368,0.536,0.255,1.362,0.871,0.11,2019
37,Slovakia,38.0,6.198,1.504,0.334,0.121,1.246,0.881,0.014,2019
38,Trinidad & Tobago,39.0,6.192,1.477,0.489,0.185,1.231,0.713,0.016,2019
39,Poland,40.0,6.182,1.438,0.483,0.117,1.206,0.884,0.05,2019
40,Uzbekistan,41.0,6.174,1.529,0.631,0.322,0.745,0.756,0.24,2019
41,Lithuania,42.0,6.149,1.515,0.291,0.043,1.238,0.818,0.042,2019
42,Colombia,43.0,6.125,1.41,0.47,0.099,0.985,0.841,0.034,2019
43,Slovenia,44.0,6.118,1.523,0.564,0.144,1.258,0.953,0.057,2019
44,Nicaragua,45.0,6.105,1.325,0.435,0.2,0.694,0.835,0.127,2019
45,Kosovo,46.0,6.1,1.232,0.489,0.262,0.882,0.758,0.006,2019
46,Argentina,47.0,6.086,1.432,0.471,0.066,1.092,0.881,0.05,2019
47,Romania,48.0,6.07,1.232,0.462,0.083,1.162,0.825,0.005,2019
48,Cyprus,49.0,6.046,1.223,0.406,0.19,1.263,1.042,0.041,2019
49,Ecuador,50.0,6.028,1.312,0.498,0.126,0.912,0.868,0.087,2019
50,Kuwait,51.0,6.021,1.319,0.493,0.142,1.5,0.808,0.097,2019
51,Thailand,52.0,6.008,1.409,0.557,0.359,1.05,0.828,0.028,2019
52,Latvia,53.0,5.94,1.465,0.264,0.075,1.187,0.812,0.064,2019
53,South Korea,54.0,5.895,1.219,0.159,0.175,1.301,1.036,0.056,2019
54,Estonia,55.0,5.893,1.528,0.495,0.103,1.237,0.874,0.161,2019
55,Jamaica,56.0,5.89,1.478,0.49,0.107,0.831,0.831,0.028,2019
56,Mauritius,57.0,5.888,1.402,0.498,0.215,1.12,0.798,0.06,2019
57,Japan,58.0,5.886,1.419,0.445,0.069,1.327,1.088,0.14,2019
58,Honduras,59.0,5.86,1.236,0.507,0.246,0.642,0.828,0.078,2019
59,Kazakhstan,60.0,5.809,1.508,0.41,0.146,1.173,0.729,0.096,2019
60,Bolivia,61.0,5.779,1.209,0.511,0.137,0.776,0.706,0.064,2019
61,Hungary,62.0,5.758,1.41,0.199,0.081,1.201,0.828,0.02,2019
62,Paraguay,63.0,5.743,1.475,0.514,0.184,0.855,0.777,0.08,2019
63,Northern Cyprus,64.0,5.718,1.252,0.417,0.191,1.263,1.042,0.162,2019
64,Peru,65.0,5.697,1.274,0.455,0.083,0.96,0.854,0.027,2019
65,Portugal,66.0,5.693,1.431,0.508,0.047,1.221,0.999,0.025,2019
66,Pakistan,67.0,5.653,0.886,0.313,0.22,0.677,0.535,0.098,2019
67,Russia,68.0,5.648,1.452,0.334,0.082,1.183,0.726,0.031,2019
68,Philippines,69.0,5.631,1.293,0.558,0.117,0.807,0.657,0.107,2019
69,Serbia,70.0,5.603,1.383,0.282,0.137,1.004,0.854,0.039,2019
70,Moldova,71.0,5.529,1.328,0.245,0.181,0.685,0.739,0.0,2019
71,Libya,72.0,5.525,1.303,0.416,0.133,1.044,0.673,0.152,2019
72,Montenegro,73.0,5.523,1.361,0.197,0.142,1.051,0.871,0.08,2019
73,Tajikistan,74.0,5.467,1.098,0.389,0.23,0.493,0.718,0.144,2019
74,Croatia,75.0,5.432,1.266,0.296,0.119,1.155,0.914,0.022,2019
75,Hong Kong,76.0,5.43,1.277,0.44,0.258,1.438,1.122,0.287,2019
76,Dominican Republic,77.0,5.425,1.401,0.497,0.113,1.015,0.779,0.101,2019
77,Bosnia and Herzegovina,78.0,5.386,1.212,0.212,0.263,0.945,0.845,0.006,2019
78,Turkey,79.0,5.373,1.36,0.195,0.083,1.183,0.808,0.106,2019
79,Malaysia,80.0,5.339,1.171,0.508,0.26,1.221,0.828,0.024,2019
80,Belarus,81.0,5.323,1.465,0.235,0.094,1.067,0.789,0.142,2019
81,Greece,82.0,5.287,1.156,0.067,0.0,1.181,0.999,0.034,2019
82,Mongolia,83.0,5.285,1.531,0.317,0.235,0.948,0.667,0.038,2019
83,North Macedonia,84.0,5.274,1.294,0.345,0.185,0.983,0.838,0.034,2019
84,Nigeria,85.0,5.265,1.111,0.426,0.215,0.696,0.245,0.041,2019
85,Kyrgyzstan,86.0,5.261,1.438,0.508,0.3,0.551,0.723,0.023,2019
86,Turkmenistan,87.0,5.247,1.538,0.394,0.244,1.052,0.657,0.028,2019
87,Algeria,88.0,5.211,1.16,0.086,0.073,1.002,0.785,0.114,2019
88,Morocco,89.0,5.208,0.782,0.418,0.036,0.801,0.782,0.076,2019
89,Azerbaijan,90.0,5.208,1.147,0.351,0.035,1.043,0.769,0.182,2019
90,Lebanon,91.0,5.197,1.224,0.216,0.166,0.987,0.815,0.027,2019
91,Indonesia,92.0,5.192,1.203,0.491,0.498,0.931,0.66,0.028,2019
92,China,93.0,5.191,1.125,0.521,0.058,1.029,0.893,0.1,2019
93,Vietnam,94.0,5.175,1.346,0.543,0.147,0.741,0.851,0.073,2019
94,Bhutan,95.0,5.082,1.321,0.457,0.37,0.813,0.604,0.167,2019
95,Cameroon,96.0,5.044,0.91,0.381,0.187,0.549,0.331,0.037,2019
96,Bulgaria,97.0,5.011,1.513,0.311,0.081,1.092,0.815,0.004,2019
97,Ghana,98.0,4.996,0.868,0.381,0.245,0.611,0.486,0.04,2019
98,Ivory Coast,99.0,4.944,0.808,0.352,0.154,0.569,0.232,0.09,2019
99,Nepal,100.0,4.913,1.226,0.439,0.285,0.446,0.677,0.089,2019
100,Jordan,101.0,4.906,1.225,0.383,0.11,0.837,0.815,0.13,2019
101,Benin,102.0,4.883,0.437,0.349,0.175,0.393,0.397,0.082,2019
102,Congo (Brazzaville),103.0,4.812,0.799,0.372,0.105,0.673,0.508,0.093,2019
103,Gabon,104.0,4.799,1.183,0.295,0.043,1.057,0.571,0.055,2019
104,Laos,105.0,4.796,1.03,0.547,0.266,0.764,0.551,0.164,2019
105,South Africa,106.0,4.722,1.351,0.389,0.13,0.96,0.469,0.055,2019
106,Albania,107.0,4.719,0.848,0.383,0.178,0.947,0.874,0.027,2019
107,Venezuela,108.0,4.707,1.427,0.154,0.064,0.96,0.805,0.047,2019
108,Cambodia,109.0,4.7,1.122,0.609,0.232,0.574,0.637,0.062,2019
109,Palestinian Territories,110.0,4.696,1.247,0.225,0.103,0.657,0.672,0.066,2019
110,Senegal,111.0,4.681,1.134,0.292,0.153,0.45,0.571,0.072,2019
111,Somalia,112.0,4.668,0.698,0.559,0.243,0.0,0.268,0.27,2019
112,Namibia,113.0,4.639,1.313,0.401,0.07,0.879,0.477,0.056,2019
113,Niger,114.0,4.628,0.774,0.318,0.188,0.138,0.366,0.102,2019
114,Burkina Faso,115.0,4.587,1.056,0.255,0.177,0.331,0.38,0.113,2019
115,Armenia,116.0,4.559,1.055,0.283,0.095,0.85,0.815,0.064,2019
116,Iran,117.0,4.548,0.842,0.305,0.27,1.1,0.785,0.125,2019
117,Guinea,118.0,4.534,0.829,0.332,0.207,0.38,0.375,0.086,2019
118,Georgia,119.0,4.519,0.666,0.346,0.043,0.886,0.752,0.164,2019
119,Gambia,120.0,4.516,0.939,0.382,0.269,0.308,0.428,0.167,2019
120,Kenya,121.0,4.509,0.983,0.431,0.372,0.512,0.581,0.053,2019
121,Mauritania,122.0,4.49,1.167,0.066,0.106,0.57,0.489,0.088,2019
122,Mozambique,123.0,4.466,0.986,0.494,0.197,0.204,0.39,0.138,2019
123,Tunisia,124.0,4.461,1.0,0.167,0.059,0.921,0.815,0.055,2019
124,Bangladesh,125.0,4.456,0.928,0.527,0.166,0.562,0.723,0.143,2019
125,Iraq,126.0,4.437,0.98,0.241,0.148,1.043,0.574,0.089,2019
126,Congo (Kinshasa),127.0,4.418,1.125,0.269,0.212,0.094,0.357,0.053,2019
127,Mali,128.0,4.39,1.105,0.327,0.153,0.385,0.308,0.052,2019
128,Sierra Leone,129.0,4.374,0.841,0.309,0.252,0.268,0.242,0.045,2019
129,Sri Lanka,130.0,4.366,1.265,0.47,0.244,0.949,0.831,0.047,2019
130,Myanmar,131.0,4.36,1.181,0.525,0.566,0.71,0.555,0.172,2019
131,Chad,132.0,4.35,0.766,0.174,0.198,0.35,0.192,0.078,2019
132,Ukraine,133.0,4.332,1.39,0.178,0.187,0.82,0.739,0.01,2019
133,Ethiopia,134.0,4.286,1.033,0.344,0.209,0.336,0.532,0.1,2019
134,Swaziland,135.0,4.212,1.149,0.313,0.074,0.811,0.0,0.135,2019
135,Uganda,136.0,4.189,1.069,0.356,0.252,0.332,0.443,0.06,2019
136,Egypt,137.0,4.166,1.039,0.241,0.076,0.913,0.644,0.067,2019
137,Zambia,138.0,4.107,1.058,0.431,0.247,0.578,0.426,0.087,2019
138,Togo,139.0,4.085,0.572,0.293,0.177,0.275,0.41,0.085,2019
139,India,140.0,4.015,0.765,0.498,0.2,0.755,0.588,0.085,2019
140,Liberia,141.0,3.975,0.922,0.37,0.233,0.073,0.443,0.033,2019
141,Comoros,142.0,3.973,0.757,0.142,0.275,0.274,0.505,0.078,2019
142,Madagascar,143.0,3.933,0.916,0.148,0.169,0.274,0.555,0.041,2019
143,Lesotho,144.0,3.802,1.169,0.359,0.107,0.489,0.168,0.093,2019
144,Burundi,145.0,3.775,0.447,0.22,0.176,0.046,0.38,0.18,2019
145,Zimbabwe,146.0,3.663,1.114,0.361,0.151,0.366,0.433,0.089,2019
146,Haiti,147.0,3.597,0.688,0.026,0.419,0.323,0.449,0.11,2019
147,Botswana,148.0,3.488,1.145,0.455,0.025,1.041,0.538,0.1,2019
148,Syria,149.0,3.462,0.378,0.013,0.331,0.619,0.44,0.141,2019
149,Malawi,150.0,3.41,0.56,0.443,0.218,0.191,0.495,0.089,2019
150,Yemen,151.0,3.38,1.163,0.143,0.108,0.287,0.463,0.077,2019
151,Rwanda,152.0,3.334,0.711,0.555,0.217,0.359,0.614,0.411,2019
152,Tanzania,153.0,3.231,0.885,0.417,0.276,0.476,0.499,0.147,2019
153,Afghanistan,154.0,3.203,0.517,0.0,0.158,0.35,0.361,0.025,2019
154,Central African Republic,155.0,3.083,0.0,0.225,0.235,0.026,0.105,0.035,2019
155,South Sudan,156.0,2.853,0.575,0.01,0.202,0.306,0.295,0.091,2019
